,Website,City,img,img_url,Category,Item,mrp,discount,item_url,Quantity,Price,SuperCategory
0,Frendy,Ahmedabad,products/frendy5f85a74500375.jpg,https://cdn2production.frendy.in/products/frendy5f85a74500375.jpg,Rice & Other Grains,Kohinoor CharMinar Select Basmati Rice ,569,190,https://shop.frendy.in/#/product-detail?productId=7058,5Kg,379,grocery
1,Frendy,Ahmedabad,products/5f86df4dd7ca5.jpg,https://cdn2production.frendy.in/products/5f86df4dd7ca5.jpg,Rice & Other Grains,Laxmipati Rice Poha,35,8,https://shop.frendy.in/#/product-detail?productId=7082,500gm,27,grocery
2,Frendy,Ahmedabad,products/5f86df4dd7ca5.jpg,https://cdn2production.frendy.in/products/5f86df4dd7ca5.jpg,Rice & Other Grains,Laxmipati Rice Poha,65,16,https://shop.frendy.in/#/product-detail?productId=7082,1Kg,49,grocery
3,Frendy,Ahmedabad,products/frendy5f5243599b9b7.jpg,https://cdn2production.frendy.in/products/frendy5f5243599b9b7.jpg,Salt Sugar & Gud,Classic Sugar ,112,33,https://shop.frendy.in/#/product-detail?productId=827,2Kg,79,grocery
4,Frendy,Ahmedabad,products/frendy5f8e8989932d1.jpg,https://cdn2production.frendy.in/products/frendy5f8e8989932d1.jpg,Powdered Spices,Ramdev Chilly Powder ,188,13,https://shop.frendy.in/#/product-detail?productId=7290,nan,175,grocery
5,Frendy,Ahmedabad,products/frendy5f8e898aa60e9.jpg,https://cdn2production.frendy.in/products/frendy5f8e898aa60e9.jpg,Powdered Spices,Ramdev Turmeric Powder ,115,8,https://shop.frendy.in/#/product-detail?productId=7292,nan,107,grocery
6,Frendy,Ahmedabad,products/frendy5f8e898bc0a49.jpg,https://cdn2production.frendy.in/products/frendy5f8e898bc0a49.jpg,Powdered Spices,Ramdev Dhana Jeeru Powder ,145,6,https://shop.frendy.in/#/product-detail?productId=7294,nan,139,grocery
7,Frendy,Ahmedabad,products/frendy5f8e898ccbfb2.jpg,https://cdn2production.frendy.in/products/frendy5f8e898ccbfb2.jpg,Powdered Spices,Ramdev Strong Hing ,90,9,https://shop.frendy.in/#/product-detail?productId=7296,nan,81,grocery
8,Frendy,Ahmedabad,products/frendy5f8e898dd680b.jpg,https://cdn2production.frendy.in/products/frendy5f8e898dd680b.jpg,Powdered Spices,Ramdev Kitchen King Masala ,65,6,https://shop.frendy.in/#/product-detail?productId=7298,nan,59,grocery
9,Frendy,Ahmedabad,products/5f8ec944da8c2.jpg,https://cdn2production.frendy.in/products/5f8ec944da8c2.jpg,Powdered Spices,Ramdev Super Garam Masala ,40,2,https://shop.frendy.in/#/product-detail?productId=7300,nan,38,grocery
10,Frendy,Ahmedabad,products/frendy5f8e899066078.png,https://cdn2production.frendy.in/products/frendy5f8e899066078.png,Powdered Spices,Ramdev Sunth Powder ,70,5,https://shop.frendy.in/#/product-detail?productId=7302,nan,65,grocery
11,Frendy,Ahmedabad,products/frendy5f591acf3f1ea.jpg,https://cdn2production.frendy.in/products/frendy5f591acf3f1ea.jpg,Atta Flours & Sooji,Fortune Besan ,95,6,https://shop.frendy.in/#/product-detail?productId=5092,1Kg,89,grocery
12,Frendy,Ahmedabad,products/frendy5f591ad14b7f7.jpg,https://cdn2production.frendy.in/products/frendy5f591ad14b7f7.jpg,Atta Flours & Sooji,Farali Flour ,63,29,https://shop.frendy.in/#/product-detail?productId=5096,500gm,34,grocery
13,Frendy,Ahmedabad,products/frendy5f591ad25af41.jpg,https://cdn2production.frendy.in/products/frendy5f591ad25af41.jpg,Atta Flours & Sooji,Laxmipati Maida ,50,12,https://shop.frendy.in/#/product-detail?productId=5098,1Kg,38,grocery
14,Frendy,Ahmedabad,products/frendy5f591ad457834.jpg,https://cdn2production.frendy.in/products/frendy5f591ad457834.jpg,Atta Flours & Sooji,Rajgira atta ,80,31,https://shop.frendy.in/#/product-detail?productId=5102,500gm,49,grocery
15,Frendy,Ahmedabad,products/frendy5f591ad5439f6.jpg,https://cdn2production.frendy.in/products/frendy5f591ad5439f6.jpg,Atta Flours & Sooji,Shingoda Atta ,50,8,https://shop.frendy.in/#/product-detail?productId=5104,250gm,42,grocery
16,Frendy,Ahmedabad,products/frendy5f591ad71d26e.jpg,https://cdn2production.frendy.in/products/frendy5f591ad71d26e.jpg,Atta Flours & Sooji,Aashirvaad Wheat Atta,82,7,https://shop.frendy.in/#/product-detail?productId=5108,2Kg,75,grocery
17,Frendy,Ahmedabad,products/frendy5f591ad71d26e.jpg,https://cdn2production.frendy.in/products/frendy5f591ad71d26e.jpg,Atta Flours & Sooji,Aashirvaad Wheat Atta,211,39,https://shop.frendy.in/#/product-detail?productId=5108,5Kg,172,grocery
18,Frendy,Ahmedabad,products/frendy5f591ad71d26e.jpg,https://cdn2production.frendy.in/products/frendy5f591ad71d26e.jpg,Atta Flours & Sooji,Aashirvaad Wheat Atta,450,0,https://shop.frendy.in/#/product-detail?productId=5108,10Kg,450,grocery
19,Frendy,Ahmedabad,products/frendy5f591ad83130f.jpg,https://cdn2production.frendy.in/products/frendy5f591ad83130f.jpg,Atta Flours & Sooji,Chakki Atta,350,211,https://shop.frendy.in/#/product-detail?productId=5110,5Kg,139,grocery
20,Frendy,Ahmedabad,products/frendy5f591ad83130f.jpg,https://cdn2production.frendy.in/products/frendy5f591ad83130f.jpg,Atta Flours & Sooji,Chakki Atta,50,16,https://shop.frendy.in/#/product-detail?productId=5110,1Kg,34,grocery
21,Frendy,Ahmedabad,products/5f5aff3559bd0.jpg,https://cdn2production.frendy.in/products/5f5aff3559bd0.jpg,Atta Flours & Sooji,Sarvottam Chakki Atta ,198,54,https://shop.frendy.in/#/product-detail?productId=5114,5Kg,144,grocery
22,Frendy,Ahmedabad,products/frendy5f591adb56d10.jpg,https://cdn2production.frendy.in/products/frendy5f591adb56d10.jpg,Atta Flours & Sooji,Gaay Chhap Besan,45,3,https://shop.frendy.in/#/product-detail?productId=5116,500gm,42,grocery
23,Frendy,Ahmedabad,products/frendy5f591adb56d10.jpg,https://cdn2production.frendy.in/products/frendy5f591adb56d10.jpg,Atta Flours & Sooji,Gaay Chhap Besan,86,7,https://shop.frendy.in/#/product-detail?productId=5116,1Kg,79,grocery
24,Frendy,Ahmedabad,products/frendy5f591add5bc62.jpg,https://cdn2production.frendy.in/products/frendy5f591add5bc62.jpg,Atta Flours & Sooji,Uttam Sooji,26,3,https://shop.frendy.in/#/product-detail?productId=5120,500gm,23,grocery
25,Frendy,Ahmedabad,products/frendy5f591add5bc62.jpg,https://cdn2production.frendy.in/products/frendy5f591add5bc62.jpg,Atta Flours & Sooji,Uttam Sooji,50,6,https://shop.frendy.in/#/product-detail?productId=5120,1Kg,44,grocery
26,Frendy,Ahmedabad,products/frendy5f591ade5f791.jpg,https://cdn2production.frendy.in/products/frendy5f591ade5f791.jpg,Atta Flours & Sooji,Premium Sooji,35,15,https://shop.frendy.in/#/product-detail?productId=5122,500gm,20,grocery
27,Frendy,Ahmedabad,products/frendy5f591ade5f791.jpg,https://cdn2production.frendy.in/products/frendy5f591ade5f791.jpg,Atta Flours & Sooji,Premium Sooji,70,31,https://shop.frendy.in/#/product-detail?productId=5122,1Kg,39,grocery
28,Frendy,Ahmedabad,products/frendy5f75888e730ba.jpg,https://cdn2production.frendy.in/products/frendy5f75888e730ba.jpg,Atta Flours & Sooji,Laxmipati Sooji ,30,8,https://shop.frendy.in/#/product-detail?productId=5679,500gm,22,grocery
29,Frendy,Ahmedabad,products/frendy5f75889074844.jpg,https://cdn2production.frendy.in/products/frendy5f75889074844.jpg,Atta Flours & Sooji,Laxmipati Besan ,50,5,https://shop.frendy.in/#/product-detail?productId=5683,500gm,45,grocery
30,Frendy,Ahmedabad,products/frendy5f758891b4090.jpg,https://cdn2production.frendy.in/products/frendy5f758891b4090.jpg,Atta Flours & Sooji,Laxmipati Maida ,26,4,https://shop.frendy.in/#/product-detail?productId=5685,500gm,22,grocery
31,Frendy,Ahmedabad,products/frendy5f786fe166ae4.jpg,https://cdn2production.frendy.in/products/frendy5f786fe166ae4.jpg,Atta Flours & Sooji,Energetic Energetic Atta ,225,78,https://shop.frendy.in/#/product-detail?productId=6628,5Kg,147,grocery
32,Frendy,Ahmedabad,products/frendy5f7b1546d8803.png,https://cdn2production.frendy.in/products/frendy5f7b1546d8803.png,Atta Flours & Sooji,Home & Kitchen Combo-2,99,20,https://shop.frendy.in/#/product-detail?productId=6810,2Items,79,grocery
33,Frendy,Ahmedabad,products/frendy5f7b154a43a7b.png,https://cdn2production.frendy.in/products/frendy5f7b154a43a7b.png,Atta Flours & Sooji,Home & Kitchen Combo-4,280,81,https://shop.frendy.in/#/product-detail?productId=6814,2Items,199,grocery
34,Frendy,Ahmedabad,products/frendy5f591b2b22986.jpg,https://cdn2production.frendy.in/products/frendy5f591b2b22986.jpg,Rice & Other Grains,Uttam Daliya ,28,1,https://shop.frendy.in/#/product-detail?productId=5262,500gm,27,grocery
35,Frendy,Ahmedabad,products/frendy5f591b2c3f3f0.jpg,https://cdn2production.frendy.in/products/frendy5f591b2c3f3f0.jpg,Rice & Other Grains,Laxmipati Moreya Barnyard Millet ,70,5,https://shop.frendy.in/#/product-detail?productId=5264,500gm,65,grocery
36,Frendy,Ahmedabad,products/frendy5f591b2e93339.jpg,https://cdn2production.frendy.in/products/frendy5f591b2e93339.jpg,Rice & Other Grains,Premium Poha,40,15,https://shop.frendy.in/#/product-detail?productId=5268,500gm,25,grocery
37,Frendy,Ahmedabad,products/frendy5f591b2e93339.jpg,https://cdn2production.frendy.in/products/frendy5f591b2e93339.jpg,Rice & Other Grains,Premium Poha,60,15,https://shop.frendy.in/#/product-detail?productId=5268,1Kg,45,grocery
38,Frendy,Ahmedabad,products/frendy5f591b30b1555.jpg,https://cdn2production.frendy.in/products/frendy5f591b30b1555.jpg,Rice & Other Grains,Laxmipati Super Quality Sabudana ,55,16,https://shop.frendy.in/#/product-detail?productId=5272,500gm,39,grocery
39,Frendy,Ahmedabad,products/5f5b18b3d7e27.jpg,https://cdn2production.frendy.in/products/5f5b18b3d7e27.jpg,Rice & Other Grains,Jeerasar Rice,99,61,https://shop.frendy.in/#/product-detail?productId=5274,1Kg,38,grocery
40,Frendy,Ahmedabad,products/5f5b18b3d7e27.jpg,https://cdn2production.frendy.in/products/5f5b18b3d7e27.jpg,Rice & Other Grains,Jeerasar Rice,399,210,https://shop.frendy.in/#/product-detail?productId=5274,5Kg,189,grocery
41,Frendy,Ahmedabad,products/5f62f58b28a1e.jpg,https://cdn2production.frendy.in/products/5f62f58b28a1e.jpg,Rice & Other Grains,Fortune Jubilee Regular Rice,77,18,https://shop.frendy.in/#/product-detail?productId=5276,1Kg,59,grocery
42,Frendy,Ahmedabad,products/5f62f58b28a1e.jpg,https://cdn2production.frendy.in/products/5f62f58b28a1e.jpg,Rice & Other Grains,Fortune Jubilee Regular Rice,375,136,https://shop.frendy.in/#/product-detail?productId=5276,5Kg,239,grocery
43,Frendy,Ahmedabad,products/frendy5f591b33a0b4a.jpg,https://cdn2production.frendy.in/products/frendy5f591b33a0b4a.jpg,Rice & Other Grains,Fortune Biryani Special Basmati Rice ,175,66,https://shop.frendy.in/#/product-detail?productId=5278,1Kg,109,grocery
44,Frendy,Ahmedabad,products/frendy5f591b34b1a9d.jpg,https://cdn2production.frendy.in/products/frendy5f591b34b1a9d.jpg,Rice & Other Grains,Fortune Dubar Super Basmati Rice ,149,60,https://shop.frendy.in/#/product-detail?productId=5280,1Kg,89,grocery
45,Frendy,Ahmedabad,products/5f926471b915b.jpg,https://cdn2production.frendy.in/products/5f926471b915b.jpg,Rice & Other Grains,Fortune Rozana Basmati Rice ,699,370,https://shop.frendy.in/#/product-detail?productId=5284,5Kg,329,grocery
46,Frendy,Ahmedabad,products/frendy5f75888f6522f.jpg,https://cdn2production.frendy.in/products/frendy5f75888f6522f.jpg,Rice & Other Grains,Laxmipati Rava ,30,7,https://shop.frendy.in/#/product-detail?productId=5681,500gm,23,grocery
47,Frendy,Ahmedabad,products/frendy5f758892b40ec.jpg,https://cdn2production.frendy.in/products/frendy5f758892b40ec.jpg,Rice & Other Grains,Laxmipati Daliya ,30,2,https://shop.frendy.in/#/product-detail?productId=5687,500gm,28,grocery
48,Frendy,Ahmedabad,products/frendy5f758893a6e5b.png,https://cdn2production.frendy.in/products/frendy5f758893a6e5b.png,Rice & Other Grains,Laxmipati Maize Poha ,40,5,https://shop.frendy.in/#/product-detail?productId=5689,500gm,35,grocery
49,Frendy,Ahmedabad,products/frendy5f786ff067e59.jpg,https://cdn2production.frendy.in/products/frendy5f786ff067e59.jpg,Rice & Other Grains,Loose Sabudana ,60,21,https://shop.frendy.in/#/product-detail?productId=6656,500gm,39,grocery
50,Frendy,Ahmedabad,products/5f5b12d3b922c.jpg,https://cdn2production.frendy.in/products/5f5b12d3b922c.jpg,Oils & Ghee,Amul Cow Ghee,250,3,https://shop.frendy.in/#/product-detail?productId=5218,500ml,247,grocery
51,Frendy,Ahmedabad,products/5f5b12d3b922c.jpg,https://cdn2production.frendy.in/products/5f5b12d3b922c.jpg,Oils & Ghee,Amul Cow Ghee,500,35,https://shop.frendy.in/#/product-detail?productId=5218,1Litre,465,grocery
52,Frendy,Ahmedabad,products/frendy5f591b165ffef.jpg,https://cdn2production.frendy.in/products/frendy5f591b165ffef.jpg,Oils & Ghee,Aabad Pure Ghee,269,70,https://shop.frendy.in/#/product-detail?productId=5222,500ml,199,grocery
53,Frendy,Ahmedabad,products/frendy5f591b165ffef.jpg,https://cdn2production.frendy.in/products/frendy5f591b165ffef.jpg,Oils & Ghee,Aabad Pure Ghee,535,156,https://shop.frendy.in/#/product-detail?productId=5222,1Litre,379,grocery
54,Frendy,Ahmedabad,products/5f8eab2aec0be.jpg,https://cdn2production.frendy.in/products/5f8eab2aec0be.jpg,Oils & Ghee,Amul Pure Ghee,239,10,https://shop.frendy.in/#/product-detail?productId=5224,500ml,229,grocery
55,Frendy,Ahmedabad,products/5f8eab2aec0be.jpg,https://cdn2production.frendy.in/products/5f8eab2aec0be.jpg,Oils & Ghee,Amul Pure Ghee,490,45,https://shop.frendy.in/#/product-detail?productId=5224,1Litre,445,grocery
56,Frendy,Ahmedabad,products/frendy5f591b1982f80.jpg,https://cdn2production.frendy.in/products/frendy5f591b1982f80.jpg,Oils & Ghee,Saffola Gold Sunflower + Rice Bran Oil e,139,4,https://shop.frendy.in/#/product-detail?productId=5228,1Litre,135,grocery
57,Frendy,Ahmedabad,products/frendy5f591b1a859ef.jpg,https://cdn2production.frendy.in/products/frendy5f591b1a859ef.jpg,Oils & Ghee,Fortune Rice Bran Oil e,135,15,https://shop.frendy.in/#/product-detail?productId=5230,1Litre,120,grocery
58,Frendy,Ahmedabad,products/5f689fb46f693.jpg,https://cdn2production.frendy.in/products/5f689fb46f693.jpg,Oils & Ghee,Ankur Cottonseed Oil,150,51,https://shop.frendy.in/#/product-detail?productId=5232,1Litre,99,grocery
59,Frendy,Ahmedabad,products/5f689fb46f693.jpg,https://cdn2production.frendy.in/products/5f689fb46f693.jpg,Oils & Ghee,Ankur Cottonseed Oil,675,150,https://shop.frendy.in/#/product-detail?productId=5232,5Litre,525,grocery
60,Frendy,Ahmedabad,products/5f5b1411a143e.jpg,https://cdn2production.frendy.in/products/5f5b1411a143e.jpg,Oils & Ghee,Gulab Cottonseed Oil in,2001,332,https://shop.frendy.in/#/product-detail?productId=5234,15Kg,1669,grocery
61,Frendy,Ahmedabad,products/5f5b1533d8498.jpg,https://cdn2production.frendy.in/products/5f5b1533d8498.jpg,Oils & Ghee,Tirupati Cottonseed Oil in,1840,121,https://shop.frendy.in/#/product-detail?productId=5236,15Kg,1719,grocery
62,Frendy,Ahmedabad,products/5f5b170e5d235.jpg,https://cdn2production.frendy.in/products/5f5b170e5d235.jpg,Oils & Ghee,Gulab Groundnut Oil in,3051,811,https://shop.frendy.in/#/product-detail?productId=5242,15Kg,2240,grocery
63,Frendy,Ahmedabad,products/5f7da4927fce0.jpg,https://cdn2production.frendy.in/products/5f7da4927fce0.jpg,Oils & Ghee,Ankur Groundnut Oil,910,170,https://shop.frendy.in/#/product-detail?productId=5248,5Litre,740,grocery
64,Frendy,Ahmedabad,products/5f7da4927fce0.jpg,https://cdn2production.frendy.in/products/5f7da4927fce0.jpg,Oils & Ghee,Ankur Groundnut Oil,190,45,https://shop.frendy.in/#/product-detail?productId=5248,1Litre,145,grocery
65,Frendy,Ahmedabad,products/5f69ecb209391.jpg,https://cdn2production.frendy.in/products/5f69ecb209391.jpg,Oils & Ghee,Fortune Sun Flower Oil,735,86,https://shop.frendy.in/#/product-detail?productId=5250,5Litre,649,grocery
66,Frendy,Ahmedabad,products/5f69ecb209391.jpg,https://cdn2production.frendy.in/products/5f69ecb209391.jpg,Oils & Ghee,Fortune Sun Flower Oil,2075,276,https://shop.frendy.in/#/product-detail?productId=5250,15Litre,1799,grocery
67,Frendy,Ahmedabad,products/5f69ecb209391.jpg,https://cdn2production.frendy.in/products/5f69ecb209391.jpg,Oils & Ghee,Fortune Sun Flower Oil,142,15,https://shop.frendy.in/#/product-detail?productId=5250,1Litre,127,grocery
68,Frendy,Ahmedabad,products/frendy5f591b2600037.jpg,https://cdn2production.frendy.in/products/frendy5f591b2600037.jpg,Oils & Ghee,Fortune Soyabean Edible Oil,680,91,https://shop.frendy.in/#/product-detail?productId=5252,5Litre,589,grocery
69,Frendy,Ahmedabad,products/frendy5f591b2600037.jpg,https://cdn2production.frendy.in/products/frendy5f591b2600037.jpg,Oils & Ghee,Fortune Soyabean Edible Oil,2075,445,https://shop.frendy.in/#/product-detail?productId=5252,15Litre,1630,grocery
70,Frendy,Ahmedabad,products/5f75d7384b712.png,https://cdn2production.frendy.in/products/5f75d7384b712.png,Oils & Ghee,Ankur Groundnut Oil + e,885,51,https://shop.frendy.in/#/product-detail?productId=5859,5+1Litre,834,grocery
71,Frendy,Ahmedabad,products/frendy5f52439ecb295.jpg,https://cdn2production.frendy.in/products/frendy5f52439ecb295.jpg,Salt Sugar & Gud,Nirma Shudh Iodized Salt ,15,4,https://shop.frendy.in/#/product-detail?productId=970,1Kg,11,grocery
72,Frendy,Ahmedabad,products/frendy5f5243b2257c3.jpg,https://cdn2production.frendy.in/products/frendy5f5243b2257c3.jpg,Salt Sugar & Gud,Puro Healthy Salt ,110,5,https://shop.frendy.in/#/product-detail?productId=1008,1Kg,105,grocery
73,Frendy,Ahmedabad,products/frendy5f591b3b3403d.jpg,https://cdn2production.frendy.in/products/frendy5f591b3b3403d.jpg,Salt Sugar & Gud,Tata Salt ,20,2,https://shop.frendy.in/#/product-detail?productId=5292,1Kg,18,grocery
74,Frendy,Ahmedabad,products/5f5b1b398a0d1.jpg,https://cdn2production.frendy.in/products/5f5b1b398a0d1.jpg,Salt Sugar & Gud,Madhur Sugar,55,11,https://shop.frendy.in/#/product-detail?productId=5296,1Kg,44,grocery
75,Frendy,Ahmedabad,products/5f5b1b398a0d1.jpg,https://cdn2production.frendy.in/products/5f5b1b398a0d1.jpg,Salt Sugar & Gud,Madhur Sugar,270,53,https://shop.frendy.in/#/product-detail?productId=5296,5Kg,217,grocery
76,Frendy,Ahmedabad,products/5f62f6206f35c.jpg,https://cdn2production.frendy.in/products/5f62f6206f35c.jpg,Salt Sugar & Gud,Dhampure Sugar ,315,104,https://shop.frendy.in/#/product-detail?productId=5302,5Kg,211,grocery
77,Frendy,Ahmedabad,products/5f75988b4a4c8.jpg,https://cdn2production.frendy.in/products/5f75988b4a4c8.jpg,Salt Sugar & Gud,Ankur Salt ,18,8,https://shop.frendy.in/#/product-detail?productId=5695,1Kg,10,grocery
78,Frendy,Ahmedabad,products/5f8eb0343f971.jpg,https://cdn2production.frendy.in/products/5f8eb0343f971.jpg,Salt Sugar & Gud,Rasmalai Premium Desi Jaggery ,85,6,https://shop.frendy.in/#/product-detail?productId=7129,900gm,79,grocery
79,Frendy,Ahmedabad,products/5f8eb065c7e0d.jpg,https://cdn2production.frendy.in/products/5f8eb065c7e0d.jpg,Salt Sugar & Gud,Rasmalai Gold Jaggery ,85,16,https://shop.frendy.in/#/product-detail?productId=7131,960gm,69,grocery
80,Frendy,Ahmedabad,products/frendy5f591b118ae1f.jpg,https://cdn2production.frendy.in/products/frendy5f591b118ae1f.jpg,Milk,Amul Milk Tetra Pack e,64,3,https://shop.frendy.in/#/product-detail?productId=5212,1Litre,61,grocery
81,Frendy,Ahmedabad,products/5f5b1259bfdb2.jpg,https://cdn2production.frendy.in/products/5f5b1259bfdb2.jpg,Milk,Amul Milk Powder ,212,23,https://shop.frendy.in/#/product-detail?productId=5214,500gm,189,grocery
82,Frendy,Ahmedabad,products/frendy5f524389b4bfc.jpg,https://cdn2production.frendy.in/products/frendy5f524389b4bfc.jpg,Dals,Loose Moong Dal Yellow,95,40,https://shop.frendy.in/#/product-detail?productId=930,500gm,55,grocery
83,Frendy,Ahmedabad,products/frendy5f524389b4bfc.jpg,https://cdn2production.frendy.in/products/frendy5f524389b4bfc.jpg,Dals,Loose Moong Dal Yellow,180,73,https://shop.frendy.in/#/product-detail?productId=930,1Kg,107,grocery
84,Frendy,Ahmedabad,products/frendy5f52439d05535.jpg,https://cdn2production.frendy.in/products/frendy5f52439d05535.jpg,Dals,NBK Toor Dal Dry ,153,28,https://shop.frendy.in/#/product-detail?productId=966,1Kg,125,grocery
85,Frendy,Ahmedabad,products/frendy5f591ae06a5ac.jpg,https://cdn2production.frendy.in/products/frendy5f591ae06a5ac.jpg,Dals,Laxmipati Split Chana Dal ,70,28,https://shop.frendy.in/#/product-detail?productId=5126,500gm,42,grocery
86,Frendy,Ahmedabad,products/frendy5f591ae16ef8a.jpg,https://cdn2production.frendy.in/products/frendy5f591ae16ef8a.jpg,Dals,Chana Dal,75,34,https://shop.frendy.in/#/product-detail?productId=5128,500gm,41,grocery
87,Frendy,Ahmedabad,products/frendy5f591ae16ef8a.jpg,https://cdn2production.frendy.in/products/frendy5f591ae16ef8a.jpg,Dals,Chana Dal,150,75,https://shop.frendy.in/#/product-detail?productId=5128,1Kg,75,grocery
88,Frendy,Ahmedabad,products/frendy5f591ae29b24f.jpg,https://cdn2production.frendy.in/products/frendy5f591ae29b24f.jpg,Dals,Tata Sampann Chana Dal ,63,14,https://shop.frendy.in/#/product-detail?productId=5130,500gm,49,grocery
89,Frendy,Ahmedabad,products/frendy5f591ae8d9e1c.jpg,https://cdn2production.frendy.in/products/frendy5f591ae8d9e1c.jpg,Dals,Laxmipati Chilka Green Moong Dal ,90,16,https://shop.frendy.in/#/product-detail?productId=5140,500gm,74,grocery
90,Frendy,Ahmedabad,products/frendy5f591ae9ee6d4.jpg,https://cdn2production.frendy.in/products/frendy5f591ae9ee6d4.jpg,Dals,Laxmipati Mogar Yellow Moong Dal ,120,49,https://shop.frendy.in/#/product-detail?productId=5142,500gm,71,grocery
91,Frendy,Ahmedabad,products/5f7ee43958d43.jpg,https://cdn2production.frendy.in/products/5f7ee43958d43.jpg,Dals,Angur Toor Dal Oily,130,25,https://shop.frendy.in/#/product-detail?productId=5148,1Kg,105,grocery
92,Frendy,Ahmedabad,products/5f7ee43958d43.jpg,https://cdn2production.frendy.in/products/5f7ee43958d43.jpg,Dals,Angur Toor Dal Oily,640,61,https://shop.frendy.in/#/product-detail?productId=5148,5Kg,579,grocery
93,Frendy,Ahmedabad,products/frendy5f591aee0e18d.jpg,https://cdn2production.frendy.in/products/frendy5f591aee0e18d.jpg,Dals,Laxmi Toor Dal Oily ,120,18,https://shop.frendy.in/#/product-detail?productId=5150,1Kg,102,grocery
94,Frendy,Ahmedabad,products/frendy5f591af049e14.jpg,https://cdn2production.frendy.in/products/frendy5f591af049e14.jpg,Dals,Laxmipati Split Arhar Dal/Toor Dal ,64,9,https://shop.frendy.in/#/product-detail?productId=5154,500gm,55,grocery
95,Frendy,Ahmedabad,products/frendy5f591af1797b4.jpg,https://cdn2production.frendy.in/products/frendy5f591af1797b4.jpg,Dals,Toor Dal Oily,70,9,https://shop.frendy.in/#/product-detail?productId=5156,500gm,61,grocery
96,Frendy,Ahmedabad,products/frendy5f591af1797b4.jpg,https://cdn2production.frendy.in/products/frendy5f591af1797b4.jpg,Dals,Toor Dal Oily,140,26,https://shop.frendy.in/#/product-detail?productId=5156,1Kg,114,grocery
97,Frendy,Ahmedabad,products/frendy5f591af2927cd.jpg,https://cdn2production.frendy.in/products/frendy5f591af2927cd.jpg,Dals,Toor Dal Dry/Kori,80,19,https://shop.frendy.in/#/product-detail?productId=5158,500gm,61,grocery
98,Frendy,Ahmedabad,products/frendy5f591af2927cd.jpg,https://cdn2production.frendy.in/products/frendy5f591af2927cd.jpg,Dals,Toor Dal Dry/Kori,160,42,https://shop.frendy.in/#/product-detail?productId=5158,1Kg,118,grocery
99,Frendy,Ahmedabad,products/frendy5f591af62a642.jpg,https://cdn2production.frendy.in/products/frendy5f591af62a642.jpg,Dals,Urad Dal,84,25,https://shop.frendy.in/#/product-detail?productId=5164,500gm,59,grocery
100,Frendy,Ahmedabad,products/frendy5f591af62a642.jpg,https://cdn2production.frendy.in/products/frendy5f591af62a642.jpg,Dals,Urad Dal,150,35,https://shop.frendy.in/#/product-detail?productId=5164,1Kg,115,grocery
101,Frendy,Ahmedabad,products/frendy5f591af73a5df.jpg,https://cdn2production.frendy.in/products/frendy5f591af73a5df.jpg,Dals,Laxmipati Split White Urad Dal ,84,23,https://shop.frendy.in/#/product-detail?productId=5166,500gm,61,grocery
102,Frendy,Ahmedabad,products/frendy5f5243a2233fa.jpg,https://cdn2production.frendy.in/products/frendy5f5243a2233fa.jpg,Pulses,Nutrela Soya Chunks ,45,5,https://shop.frendy.in/#/product-detail?productId=978,200gm,40,grocery
103,Frendy,Ahmedabad,products/frendy5f591af84860b.jpg,https://cdn2production.frendy.in/products/frendy5f591af84860b.jpg,Pulses,Tata Sampann Kala Chana ,74,25,https://shop.frendy.in/#/product-detail?productId=5168,500gm,49,grocery
104,Frendy,Ahmedabad,products/frendy5f591afa5c38f.jpg,https://cdn2production.frendy.in/products/frendy5f591afa5c38f.jpg,Pulses,Desi Chana,60,21,https://shop.frendy.in/#/product-detail?productId=5172,500gm,39,grocery
105,Frendy,Ahmedabad,products/frendy5f591afa5c38f.jpg,https://cdn2production.frendy.in/products/frendy5f591afa5c38f.jpg,Pulses,Desi Chana,120,45,https://shop.frendy.in/#/product-detail?productId=5172,1Kg,75,grocery
106,Frendy,Ahmedabad,products/frendy5f591afc13fa6.jpg,https://cdn2production.frendy.in/products/frendy5f591afc13fa6.jpg,Pulses,Moong Whole,100,50,https://shop.frendy.in/#/product-detail?productId=5176,500gm,50,grocery
107,Frendy,Ahmedabad,products/frendy5f591afc13fa6.jpg,https://cdn2production.frendy.in/products/frendy5f591afc13fa6.jpg,Pulses,Moong Whole,180,85,https://shop.frendy.in/#/product-detail?productId=5176,1Kg,95,grocery
108,Frendy,Ahmedabad,products/frendy5f591afd7b43f.jpg,https://cdn2production.frendy.in/products/frendy5f591afd7b43f.jpg,Pulses,Laxmipati Whole Green Moong ,90,25,https://shop.frendy.in/#/product-detail?productId=5178,500gm,65,grocery
109,Frendy,Ahmedabad,products/frendy5f591afe823ef.jpg,https://cdn2production.frendy.in/products/frendy5f591afe823ef.jpg,Pulses,Tata Sampann Unpolished Green Moong ,93,13,https://shop.frendy.in/#/product-detail?productId=5180,500gm,80,grocery
110,Frendy,Ahmedabad,products/frendy5f591b008c32d.jpg,https://cdn2production.frendy.in/products/frendy5f591b008c32d.jpg,Pulses,Mini Rajma,70,15,https://shop.frendy.in/#/product-detail?productId=5184,500gm,55,grocery
111,Frendy,Ahmedabad,products/frendy5f591b008c32d.jpg,https://cdn2production.frendy.in/products/frendy5f591b008c32d.jpg,Pulses,Mini Rajma,140,41,https://shop.frendy.in/#/product-detail?productId=5184,1Kg,99,grocery
112,Frendy,Ahmedabad,products/frendy5f591b019142c.jpg,https://cdn2production.frendy.in/products/frendy5f591b019142c.jpg,Pulses,Laxmipati Red Rajma ,70,10,https://shop.frendy.in/#/product-detail?productId=5186,500gm,60,grocery
113,Frendy,Ahmedabad,products/frendy5f7588954ea3f.png,https://cdn2production.frendy.in/products/frendy5f7588954ea3f.png,Pulses,Laxmipati Kabuli Chana ,95,46,https://shop.frendy.in/#/product-detail?productId=5691,500gm,49,grocery
114,Frendy,Ahmedabad,products/frendy5f591b56899c8.jpg,https://cdn2production.frendy.in/products/frendy5f591b56899c8.jpg,Whole Spices,Methi ,99,64,https://shop.frendy.in/#/product-detail?productId=5344,250gm,35,grocery
115,Frendy,Ahmedabad,products/frendy5f591b578da1e.jpg,https://cdn2production.frendy.in/products/frendy5f591b578da1e.jpg,Whole Spices,Whole Red Chilli ,100,25,https://shop.frendy.in/#/product-detail?productId=5346,250gm,75,grocery
116,Frendy,Ahmedabad,products/frendy5f591b5a8230e.jpg,https://cdn2production.frendy.in/products/frendy5f591b5a8230e.jpg,Whole Spices,Rai Mustard Seeds ,45,19,https://shop.frendy.in/#/product-detail?productId=5348,250gm,26,grocery
117,Frendy,Ahmedabad,products/frendy5f591b5ca95ab.png,https://cdn2production.frendy.in/products/frendy5f591b5ca95ab.png,Whole Spices,Charoli ,100,15,https://shop.frendy.in/#/product-detail?productId=5352,50gm,85,grocery
118,Frendy,Ahmedabad,products/frendy5f591b5ed4e1e.jpg,https://cdn2production.frendy.in/products/frendy5f591b5ed4e1e.jpg,Whole Spices,Jeera Whole ,150,45,https://shop.frendy.in/#/product-detail?productId=5356,500gm,105,grocery
119,Frendy,Ahmedabad,products/frendy5f78700f11faa.jpg,https://cdn2production.frendy.in/products/frendy5f78700f11faa.jpg,Whole Spices,Methi Seeds Whole ,55,26,https://shop.frendy.in/#/product-detail?productId=6713,250gm,29,grocery
